employee_key,employee,preferred_name,is_salesperson
1,Data Conversion Only,Data Conversion Only,0
2,Kayla Woodcock,Kayla,1
3,Hudson Onslow,Hudson,1
4,Isabella Rupp,Isabella,0
5,Eva Muirden,Eva,0
6,Sophia Hinton,Sophia,1
7,Amy Trefl,Amy,1
8,Anthony Grosse,Anthony,1
9,Alica Fatnowna,Alica,0
10,Stella Rosenhain,Stella,0
11,Ethan Onslow,Ethan,0
12,Henry Forlonge,Henry,0
13,Hudson Hollinworth,Hudson,1
14,Lily Code,Lily,1
15,Taj Shand,Taj,1
16,Archer Lamble,Archer,1
17,Piper Koch,Piper,0
18,Katie Darwin,Katie,0
19,Jai Shand,Jai,0
20,Jack Potter,Jack,1
21,Reio Kabin,Reio,0
22,Oliver Kivi,Olly,0
23,Hanna Mihhailov,Hanna,0
24,Paulus Lippmaa,Paulus,0
25,Kerstin Parn,Kerstin,0
26,Helen Ahven,Helen,0
27,Bill Lawson,Bill,0
28,Helen Moore,Helen,0
29,Penny Buck,Penny,0
30,Donna Smith,Donna,0
31,Madelaine  Cartier,Madelaine,0
32,Annette Talon,Annette,0
33,Elias Myllari,Elias,0
34,Vilma Niva,Vilma,0
35,Prem Prabhu,Prem,0
36,Sunita Jadhav,Sunita,0
37,Marcos Costa,Marcos,0
38,Matheus Oliveira,Matheus,0
39,Eliza Soderberg,Eliza,0
40,Sara Karlsson,Sara,0
41,Donald Jones,Donald,0
42,Sharon Graham,Sharon,0
43,Hai Dam,Hai,0
44,Thanh Dinh,Thanh,0
45,Hubert Helms,Hubert,0
46,Donald Small,Donald,0
1001,Waldemar Fisar,Waldemar,0
1002,Laimonis Berzins,Laimonis,0
1003,Lorena Cindric,Lorena,0
1004,Hung Van Groesen,Hung,0
1005,Bhaargav Rambhatla,Bhaargav,0
1006,Mudar Jevtic,Mudar,0
1007,Daniel Roman,Daniel,0
1008,Leyla Radnia,Leyla,0
1009,Johanna Huiting,Johanna,0
1010,Robert Ruutli,Robert,0
1011,Biswajeet Thakur,Biswajeet,0
1012,Radha Shah,Radha,0
1013,Kalidas Nadar,Kalidas,0
1014,Filip Nedvidek,Filip,0
1015,Kanti Kotadia,Kanti,0
1016,Hoa Cu,Hoa,0
1017,Sointu Aalto,Sointu,0
1018,Jae-Gon Min,Jae-Gon,0
1019,Siddhartha Parkar,Siddhartha,0
1020,Paula Matos,Paula,0
1021,Elnaz Javan,Elnaz,0
1022,Jayashish Ghatak,Jayashish,0
1023,Heloisa Fernandes,Heloisa,0
1024,Amornrat Rattanaporn,Amornrat,0
1025,Razeena Hosseini,Razeena,0
1026,Leticia Ribeiro,Leticia,0
1027,Tereza Valentova,Tereza,0
1028,Brijesh Ganguly,Brijesh,0
1029,Filips Jaunzems,Filips,0
1030,Bharati Bhowmick,Bharati,0
1031,Nitin Matondkar,Nitin,0
1032,Joy Dutta,Joy,0
1033,Adam Kubat,Adam,0
1034,Gulzar Naidu,Gulzar,0
1035,Isabelle Vodlan,Isabelle,0
1036,Prakash Sarma,Prakash,0
1037,Mithun Bhattacharya,Mithun,0
1038,Sandhya Raju,Sandhya,0
1039,Nghi Hua,Nghi,0
1040,Ravindra Parkar,Ravindra,0
1041,Duleep Raju,Duleep,0
1042,Vlatka Duvnjak,Vlatka,0
1043,Cristina Longo,Cristina,0
1044,Antonio Lucchese,Antonio,0
1045,Hang Tang,Hang,0
1046,Hong Ang,Hong,0
1047,Intira Mookjai,Intira,0
1048,Young-Tae Kim,Young-Tae,0
1049,Sulabha Khalsa,Sulabha,0
1050,Alessandro Milano,Alessandro,0
1051,Dhanishta Majji,Dhanishta,0
1052,Nils Podnieks,Nils,0
1053,Paula Gonzales,Paula,0
1054,Chetana Dewangan,Chetana,0
1055,Tatjana Utjesenovic,Tatjana,0
1056,Theresa Boose,Theresa,0
1057,Karel Hanak,Karel,0
1058,Fernanda Fierro,Fernanda,0
1059,Odessa Schneider,Odessa,0
1060,Konrads Sprogis,Konrads,0
1061,Kimberly Pace,Kimberly,0
1062,Shobha Gupta,Shobha,0
1063,Nikolajs Kalejs,Nikolajs,0
1064,Philippe Lamy,Philippe,0
1065,Haasini Rai,Haasini,0
1066,Viktorie Melicharova,Viktorie,0
1067,Anjali Asthana,Anjali,0
1068,Hanuman Negi,Hanuman,0
1069,Shah Omidi,Shah,0
1070,Chandra Mittal,Chandra,0
1071,Ferhat Celik,Ferhat,0
1072,Leyla Celik,Leyla,0
1073,Dayarama Kamei,Dayarama,0
1074,Elisabeth Flamand,Elisabeth,0
1075,Nils Kalnins,Nils,0
1076,Rajiv Kotadia,Rajiv,0
1077,Ashish Acharya,Ashish,0
1078,Filip Sedlar,Filip,0
1079,Alena Prikrylova,Alena,0
1080,Catina Bojin,Catina,0
1081,Lana Rozej,Lana,0
1082,Kalpana Mukherjee,Kalpana,0
1083,Chandrakanta Raut,Chandrakanta,0
1084,Ivan Castellanos,Ivan,0
1085,Ganapati Gadiyaram,Ganapati,0
1086,Parsa Blijleven,Parsa,0
1087,Adrijana Blagojevic,Adrijana,0
1088,Lina Martins,Lina,0
1089,Lap Dinh,Lap,0
1090,August Astrom,August,0
1091,Didem ozCelik,Didem,0
1092,Krista Andrejev,Krista,0
1093,Serhat Akbulut,Serhat,0
1094,Nadja Johansson,Nadja,0
1095,Daniela Barrios,Daniela,0
1096,Daina Celma,Daina,0
1097,Julia Slobodova,Julia,0
1098,Raimonds Kalnins,Raimonds,0
1099,Marcela Jankova,Marcela,0
1100,Predrag Stojanovic,Predrag,0
1101,Dipali Sonkar,Dipali,0
1102,Mariana Apodaca,Mariana,0
1103,Bansidhar Mitra,Bansidhar,0
1104,Liia Mae,Liia,0
1105,Gunnar Persson,Gunnar,0
1106,Parvati Modi,Parvati,0
1107,Vitezslav Rehak,Vitezslav,0
1108,Parsa Van Vossen,Parsa,0
1109,Bharat Sikdar,Bharat,0
1110,Alain Aupry,Alain,0
1111,Juan Bezanson,Juan,0
1112,Ruby Charlton,Ruby,0
1113,Aile Mae,Aile,0
1114,Margherita Lucchesi,Margherita,0
1115,Pratap Varghese,Pratap,0
1116,Marcel Marquis,Marcel,0
1117,Margita Kopecka,Margita,0
1118,Mirjam Johansson,Mirjam,0
1119,Lekha Mitra,Lekha,0
1120,Seeta Bose,Seeta,0
1121,Abhoy PrabhupÄda,Abhoy,0
1122,Seok-Ho Jeon,Seok-Ho,0
1123,Alida Caune,Alida,0
1124,Indiana Fritzsche,Indiana,0
1125,Agnes Szolosy,Agnes,0
1126,Yu-jin Jee,Yu-jin,0
1127,Rohana Kaskar,Rohana,0
1128,Grieta Kalnina,Grieta,0
1129,Hanuman Dubey,Hanuman,0
1130,Paola Loggia,Paola,0
1131,Bao Dao,Bao,0
1132,Viljo Lampsa,Viljo,0
1133,Preyakshna Aluri,Preyakshna,0
1134,Chandan Raut,Chandan,0
1135,Valentina Conti,Valentina,0
1136,Narayan Mukherjee,Narayan,0
1137,Theodore Saucier,Theodore,0
1138,Chaowalit Pornpipatpong,Chaowalit,0
1139,Mariana Fierro,Mariana,0
1140,Ivana Kozakova,Ivana,0
1141,Afshin Djalili,Afshin,0
1142,Vaclav Holy,Vaclav,0
1143,Bianh Phan,Bianh,0
1144,Kanti Pipalia,Kanti,0
1145,Koknesis Vitols,Koknesis,0
1146,Malle Sepp,Malle,0
1147,Roxane Rastgu,Roxane,0
1148,Hue Chu,Hue,0
1149,Vlasta Srbova,Vlasta,0
1150,Gadhar Ghosh,Gadhar,0
1151,Lata Babu,Lata,0
1152,Chandra De,Chandra,0
1153,Airi Vassiljev,Airi,0
1154,Hoang La,Hoang,0
1155,Duleep Walia,Duleep,0
1156,Satish Gill,Satish,0
1157,Matyas Macek,Matyas,0
1158,Ethan Hopkins,Ethan,0
1159,Bharat Ankitham,Bharat,0
1160,Be Phan,Be,0
1161,Vera Kubatova,Vera,0
1162,Diego Almeida,Diego,0
1163,Rakesh Nishad,Rakesh,0
1164,Huu Hoa,Huu,0
1165,Sang Tran,Sang,0
1166,Bela Nemeth,Bela,0
1167,Eekalabya Bose,Eekalabya,0
1168,Margherita Bucco,Margherita,0
1169,Tommy Kilpi,Tommy,0
1170,Giri Bhamidipati,Giri,0
1171,Andrea Ricci,Andrea,0
1172,Chung-Ho Han,Chung-Ho,0
1173,Isabell  Duperre,"Isabell ",0
1174,Jasna Vujica,Jasna,0
1175,Amarendra Ankitham,Amarendra,0
1176,Isak Berggren,Isak,0
1177,Aakarsha Nookala,Aakarsha,0
1178,Ilgonis Rozitis,Ilgonis,0
1179,Stanislav Sedlar,Stanislav,0
1180,Telma Arvidsson,Telma,0
1181,GokCe Karaca,GokCe,0
1182,Maria Munteanu,Maria,0
1183,Coralie Emond,Coralie,0
1184,Cong Trung,Cong,0
1185,Karina Celmina,Karina,0
1186,Nik Stoimenova,Nik,0
1187,Teresa Pisani,Teresa,0
1188,Murugan Thakur,Murugan,0
1189,Alba Ponce,Alba,0
1190,Antra Dzene,Antra,0
1191,Piper Leigh,Piper,0
1192,Jautrite Krievina,Jautrite,0
1193,Karie Seymour,Karie,0
1194,Lorenzo Lee,Lorenzo,0
1195,Timea Peto,Timea,0
1196,Amanat Shaker Doust,Amanat,0
1197,Victoria Ene,Victoria,0
1198,Panit Meesang,Panit,0
1199,Bhavani Bhowmick,Bhavani,0
1200,Ivica Debeljak,Ivica,0
1201,Yasmine Berggren,Yasmine,0
1202,Anima Bagchi,Anima,0
1203,Tea Koppel,Tea,0
1204,Bozena Palatova,Bozena,0
1205,Naseem Radan,Naseem,0
1206,Geza Olteanu,Geza,0
1207,Laboni Deb,Laboni,0
1208,Antonin Klaus,Antonin,0
1209,Sung-Hwan Hwang,Sung-Hwan,0
1210,Reigo Rebane,Reigo,0
1211,Shiva Pipalia,Shiva,0
1212,Aishwarya Beniwal,Aishwarya,0
1213,Karie Mercier,Karie,0
1214,Milada Buresova,Milada,0
1215,Bhanu Thota,Bhanu,0
1216,Cyrus Poursokh,Cyrus,0
1217,Ae-Cha Joo,Ae-Cha,0
1218,Jawid Pourali,Jawid,0
1219,Dinara Saparkyzy,Dinara,0
1220,Karel Sedlar,Karel,0
1221,Adam Dvorak,Adam,0
1222,Dhanishta Vankayala,Dhanishta,0
1223,Ingrida Celmina,Ingrida,0
1224,Be Dang,Be,0
1225,Jae-Hwa Jang,Jae-Hwa,0
1226,Clara Cunha,Clara,0
1227,Duck-Hwan Bae,Duck-Hwan,0
1228,Surya Mishra,Surya,0
1229,Jagoda Vasiljevic,Jagoda,0
1230,Eero Raud,Eero,0
1231,Toma Nastase,Toma,0
1232,Arjuna Haldar,Arjuna,0
1233,Valerio Cardoso,Valerio,0
1234,Zac Wintle,Zac,0
1235,Ileana Aguilar,Ileana,0
1236,Cai Nguyen,Cai,0
1237,Tjasa Weitzer,Tjasa,0
1238,Shefali Bose,Shefali,0
1239,Lucas Van Veenen,Lucas,0
1240,Farzana Saidi,Farzana,0
1241,Steven Frasier,Steven,0
1242,Amaranaath Muppavarapu,Amaranaath,0
1243,Mauri Enestam,Mauri,0
1244,Lakshmi Nair,Lakshmi,0
1245,Ella Zvirbule,Ella,0
1246,Vicente ChÃ¡vez,Vicente,0
1247,Sevim AydÄ±n,Sevim,0
1248,Tamer Ayhan,Tamer,0
1249,Blanka Stavinohova,Blanka,0
1250,Josefa Diaz,Josefa,0
1251,Akanksha Iyengar,Akanksha,0
1252,Markus Kantee,Markus,0
1253,Kertu Smirnov,Kertu,0
1254,Lovro Kulaga,Lovro,0
1255,Jure Grabensek,Jure,0
1256,Chompunut Jetjirawat,Chompunut,0
1257,Javiera Madera,Javiera,0
1258,Geetanjali Bagchi,Geetanjali,0
1259,Aija Mottola,Aija,0
1260,Elli Berg,Elli,0
1261,Darshan Gupta,Darshan,0
1262,Prem Reddy,Prem,0
1263,Akanksha Sarma,Akanksha,0
1264,Edward Alfred,Edward,0
1265,Aino Kallas,Aino,0
1266,Dhaaruni Vinjamuri,Dhaaruni,0
1267,An Dung Phung,An Dung,0
1268,Ioana Ibanescu,Ioana,0
1269,Gaurav Sikdar,Gaurav,0
1270,Christian Berggren,Christian,0
1271,Anirban Sen,Anirban,0
1272,Joel Koivisto,Joel,0
1273,Chandrakanta Benjaree,Chandrakanta,0
1274,Joy Das,Joy,0
1275,Badari Chadalavada,Badari,0
1276,Zala Ude,Zala,0
1277,Gabriele Udinesi,Gabriele,0
1278,Murugan Dewangan,Murugan,0
1279,Malay PrabhupÄda,Malay,0
1280,Nghi Ly,Nghi,0
1281,Hedi Koppel,Hedi,0
1282,Teodors Klavins,Teodors,0
1283,Denisa Ioveanu,Denisa,0
1284,Cosmin Nutiu,Cosmin,0
1285,Vaclav Polaskova,Vaclav,0
1286,Georg Valbe,Georg,0
1287,Pramod Nishad,Pramod,0
1288,Avani Aggarwal,Avani,0
1289,Prasong Tuntayakul,Prasong,0
1290,Mariela Pasek,Mariela,0
1291,Aija Zvaigzne,Aija,0
1292,Dharanikumaar Sonti,Dharanikumaar,0
1293,Gilbert Pelland,Gilbert,0
1294,Ngoc Cao,Ngoc,0
1295,Marcella Napolitani,Marcella,0
1296,Pavol Oravec,Pavol,0
1297,Femke Hollenberg,Femke,0
1298,Roman Kubat,Roman,0
1299,Brita Jarvi,Brita,0
1300,Lucie Hrdlickova,Lucie,0
1301,Donato Araujo,Donato,0
1302,Alaine Berthelette,Alaine,0
1303,Aleksander Jarvi,Aleksander,0
1304,Kurt Konecny,Kurt,0
1305,Malati Shenoy,Malati,0
1306,Duong Duong,Duong,0
1307,Gui-Hyun Ji,Gui-Hyun,0
1308,Karl Kangur,Karl,0
1309,Michal Polaskova,Michal,0
1310,Debendra Chakraborty,Debendra,0
1311,Dilara Ayhan,Dilara,0
1312,Virgiliu Vladu,Virgiliu,0
1313,Peter Macias,Peter,0
1314,Nasrin Fard,Nasrin,0
1315,Kurt Lukes,Kurt,0
1316,Daman Devulapalli,Daman,0
1317,Beatrise Bite,Beatrise,0
1318,Hele Semjonov,Hele,0
1319,Bishwanath Ghosh,Bishwanath,0
1320,Gasper Jovicevic,Gasper,0
1321,Gianguido Lucchesi,Gianguido,0
1322,Harihar Chatterjee,Harihar,0
1323,Nu Bach,Nu,0
1324,Gautama Reddy,Gautama,0
1325,Ivonna Ene,Ivonna,0
1326,Girish Banerjee,Girish,0
1327,Ceyhun sahin,Ceyhun,0
1328,Dhir Bhattacharya,Dhir,0
1329,Tian Peng,Tian,0
1330,Mariano Costa,Mariano,0
1331,Vlastimil Bohuslav,Vlastimil,0
1332,Beau  Boule,"Beau ",0
1333,Nejc Vosnik,Nejc,0
1334,Amalendu Veturi,Amalendu,0
1335,Anindo Mazumdar,Anindo,0
1336,Tarja Saikkonen,Tarja,0
1337,Nils Balodis,Nils,0
1338,Bernadette    Potvin,"Bernadette   ",0
1339,Daniella Barbosa,Daniella,0
1340,Nancy Hansson,Nancy,0
1341,Raymond Levesque,Raymond,0
1342,Linda Fisher,Linda,0
1343,Raymond Desforges,Raymond,0
1344,Stern Neumann,Stern,0
1345,Raju Atluri,Raju,0
1346,Cezar Preda,Cezar,0
1347,Matyas Bohuslav,Matyas,0
1348,Ambaajeeraav Ghattamaneni,Ambaajeeraav,0
1349,Julio Correa,Julio,0
1350,Hamsapriya Nandamuri,Hamsapriya,0
1351,Banshari De,Banshari,0
1352,Sudhir Yadav,Sudhir,0
1353,Ngai Lam,Ngai,0
1354,Camille Hetu,Camille,0
1355,Hyun-Doo Song,Hyun-Doo,0
1356,BahadÄ±r Korkmaz,BahadÄ±r,0
1357,Gabriela Srbova,Gabriela,0
1358,Priya kaushal,Priya,0
1359,Serkan senturk,Serkan,0
1360,Fatemeh Javan,Fatemeh,0
1361,Aahlada Thota,Aahlada,0
1362,Marten Keskkula,Marten,0
1363,Ayberk sahin,Ayberk,0
1364,Magda Ciora,Magda,0
1365,Kaan Tekin,Kaan,0
1366,Harshini Kommineni,Harshini,0
1367,Lata Khandke,Lata,0
1368,Emil Nutiu,Emil,0
1369,Truman Eder,Truman,0
1370,Lale Javan,Lale,0
1371,Lorraine Paulet,Lorraine,0
1372,Yusuf Johansson,Yusuf,0
1373,Biplab De,Biplab,0
1374,Dhanishta Kidambi,Dhanishta,0
1375,Rachelle Brasseur,Rachelle,0
1376,Bholanath Das,Bholanath,0
1377,Sara Charlton,Sara,0
1378,Libor safranek,Libor,0
1379,Ramesh Mukherjee,Ramesh,0
1380,Byung-Hyun Gwak,Byung-Hyun,0
1381,Ester Ahmadian,Ester,0
1382,Kanika Mazumdar,Kanika,0
1383,Daniel Magnusson,Daniel,0
1384,Cemal Dogan,Cemal,0
1385,Jack Carpenter,Jack,0
1386,Am Lieu,Am,0
1387,Thomas Fischer,Thomas,0
1388,Neil Logan,Neil,0
1389,Viollette Monty,Viollette,0
1390,Gita Dutta,Gita,0
1391,Alinne Cardoso,Alinne,0
1392,Uma Pandit,Uma,0
1393,Mani Poddar,Mani,0
1394,Rama Mukaddam,Rama,0
1395,Deakshitulu Mokkapati,Deakshitulu,0
1396,Tereza PinÄakova,Tereza,0
1397,Cezar Pavel,Cezar,0
1398,Bahaar Yekta,Bahaar,0
1399,Fanni Benko,Fanni,0
1400,Amar Dutta,Amar,0
1401,Brenda Morgan,Brenda,0
1402,Kamal Nakhtare,Kamal,0
2001,Olga Alexandrova,Olga,0
2002,Bibi Javan,Bibi,0
2003,Maris Baltins,Maris,0
2004,Taneli Hahl,Taneli,0
2005,Parsa Reuser,Parsa,0
2006,Da-eun Kwak,Da-eun,0
2007,Duleep Srivastava,Duleep,0
2008,Kurt Balog,Kurt,0
2009,Miran Nikolic,Miran,0
2010,Indra Mudaliyar,Indra,0
2011,Calin Bojin,Calin,0
2012,Maxime Westerink,Maxime,0
2013,Lang Le,Lang,0
2014,Bozena Divisova,Bozena,0
2015,Bhaagyalakshmi Muppavarapu,Bhaagyalakshmi,0
2016,Durjoy Bose,Durjoy,0
2017,Dimitry Nechita,Dimitry,0
2018,Meredith Padilla,Meredith,0
2019,Miroslav Kohout,Miroslav,0
2020,Teresa Torres,Teresa,0
2021,Fransje Mutlu,Fransje,0
2022,Karel Hybl,Karel,0
2023,Chati Ornlamai,Chati,0
2024,Tajana Lovric,Tajana,0
2025,Raine Knihtila,Raine,0
2026,Dhir Mazumdar,Dhir,0
2027,Lan Chu,Lan,0
2028,Tereza Prikrylova,Tereza,0
2029,Maurice English,Maurice,0
2030,Daniella Ribeiro,Daniella,0
2031,Irene Sepp,Irene,0
2032,Hubert Fields,Hubert,0
2033,Chandranath Bose,Chandranath,0
2034,Gaurav Acharya,Gaurav,0
2035,Ana Julijana Isa,Ana Julijana,0
2036,Libor Klaus,Libor,0
2037,Gireesh Bhogireddy,Gireesh,0
2038,Stanislav Zeman,Stanislav,0
2039,Premwadee Atitarn,Premwadee,0
2040,Deeptendu Das,Deeptendu,0
2041,Nishant Patil,Nishant,0
2042,Bhaagyalakshmi Rajanala,Bhaagyalakshmi,0
2043,Rohan Das,Rohan,0
2044,Bhaanusree Ankitham,Bhaanusree,0
2045,Aamdaal Kamasamudram,Aamdaal,0
2046,Karita Rosberg,Karita,0
2047,Baebeesarasvati Kamasamudram,Baebeesarasvati,0
2048,Hana Palatova,Hana,0
2049,Marcello Dellucci,Marcello,0
2050,Shobha Raju,Shobha,0
2051,Mee-Kyong Sin,Mee-Kyong,0
2052,VÄ›ra Kopecka,VÄ›ra,0
2053,Ivica LuÄic,Ivica,0
2054,David Svoboda,David,0
2055,Vinicius Correa,Vinicius,0
2056,Surat Pornpipatpong,Surat,0
2057,Fabio Pena,Fabio,0
2058,Kauan Gomes,Kauan,0
2059,Lakshmi Roy,Lakshmi,0
2060,Kersti Mihhailov,Kersti,0
2061,Selma Seppanen,Selma,0
2062,Danielle  Brasseur,"Danielle ",0
2063,Bay Ly,Bay,0
2064,Sanjiv Raina,Sanjiv,0
2065,Adirake Saenamuang,Adirake,0
2066,Leena De,Leena,0
2067,Tarja Penttila,Tarja,0
2068,Gunnar Larsson,Gunnar,0
2069,Devendranath Huq,Devendranath,0
2070,Vicente Cabrera,Vicente,0
2071,Enes Olsson,Enes,0
2072,Milada Kubatova,Milada,0
2073,Vanja Grgic,Vanja,0
2074,Daniela Omelkova,Daniela,0
2075,Dayaram Mishra,Dayaram,0
2076,Gal Kokeza,Gal,0
2077,Mina Omidzadeh,Mina,0
2078,Adrian Bengtsson,Adrian,0
2079,Kadir Usenuly,Kadir,0
2080,Rajiv Shasthri,Rajiv,0
2081,Kajsa Jakobsson,Kajsa,0
2082,Elnaz Rahimi,Elnaz,0
2083,Rahul Ghate,Rahul,0
2084,Chuan Wongsawat,Chuan,0
2085,Lien Banh,Lien,0
2086,Anshula Mitra,Anshula,0
2087,Divyendu Chakraborty,Divyendu,0
2088,Rita Kauppi,Rita,0
2089,An Dung Ngo,An Dung,0
2090,Pranav Yadav,Pranav,0
2091,Chetana Kamath,Chetana,0
2092,Isabelina Flores,Isabelina,0
2093,Premwadee Saowaluk,Premwadee,0
2094,Adam Balaz,Adam,0
2095,Jae-Hwa Min,Jae-Hwa,0
2096,Rafael Pena,Rafael,0
2097,Catalina Nechita,Catalina,0
2098,Robert Cosic,Robert,0
2099,Constanza Laureano,Constanza,0
2100,Sunil Nakhtare,Sunil,0
2101,Aakriti Bhamidipati,Aakriti,0
2102,Sakchai Supitayaporn,Sakchai,0
2103,Himadri PrabhupÄda,Himadri,0
2104,Lukas Kohout,Lukas,0
2105,Bryan Helms,Bryan,0
2106,Julianna Makay,Julianna,0
2107,Harri Kask,Harri,0
2108,Rakhshinda Mansouri,Rakhshinda,0
2109,Ilse Sandell,Ilse,0
2110,Tibor Harsanyi,Tibor,0
2111,Subhash Matondkar,Subhash,0
2112,Gurudas De,Gurudas,0
2113,Eesvaraavu Ankitham,Eesvaraavu,0
2114,Angelina Karlsson,Angelina,0
2115,Miguel Paez,Miguel,0
2116,Anukul Dey,Anukul,0
2117,Tobias Gruber,Tobias,0
2118,Jitka Stastna,Jitka,0
2119,Daniela Dumina,Daniela,0
2120,Fahmidah Fallahi,Fahmidah,0
2121,Ganesh Mukherjee,Ganesh,0
2122,Hector Parra,Hector,0
2123,Avanti Nishad,Avanti,0
2124,Gino Sal,Gino,0
2125,Daedeepya Thota,Daedeepya,0
2126,Lekha Sen,Lekha,0
2127,Gabriela Chirila,Gabriela,0
2128,Elina Bite,Elina,0
2129,Nagur Atluri,Nagur,0
2130,Hanita Kamasamudram,Hanita,0
2131,Sintja Buecek,Sintja,0
2132,Esha Singh,Esha,0
2133,Pongrit Srisati,Pongrit,0
2134,Hanna Piip,Hanna,0
2135,Linda Green,Linda,0
2136,Baalamurali Kommineni,Baalamurali,0
2137,Sarmis Skujins,Sarmis,0
2138,Amporn Jetjirawat,Amporn,0
2139,Libuse Srbova,Libuse,0
2140,Jimme Harmsen,Jimme,0
2141,Viktorie Stejskalova,Viktorie,0
2142,Bishnu Bandopadhyay,Bishnu,0
2143,Slavko Pavlovic,Slavko,0
2144,Malorie Dupuy,Malorie,0
2145,Doru Munteanu,Doru,0
2146,Ankita Mittal,Ankita,0
2147,Aile Aasmae,Aile,0
2148,Ezgi Kaya,Ezgi,0
2149,Ava Edden,Ava,0
2150,Adirake Narkbunnum,Adirake,0
2151,Manali Bose,Manali,0
2152,Ji-min Jun,Ji-min,0
2153,Astrid Poisson,Astrid,0
2154,Timotej stakne,Timotej,0
2155,Gi-Suk Heo,Gi-Suk,0
2156,Roman Tomek,Roman,0
2157,Irma Kruze,Irma,0
2158,VÄ›ra Stejskalova,VÄ›ra,0
2159,Dhaeraemdranaadh Pamulaparthi,Dhaeraemdranaadh,0
2160,Victoria Brezeanu,Victoria,0
2161,Agrita Kalnina,Agrita,0
2162,Burak ozden,Burak,0
2163,Ravindra Sandhu,Ravindra,0
2164,Iulia Nechita,Iulia,0
2165,Klara Rakus,Klara,0
2166,Razeena Rezaei,Razeena,0
2167,Am Lo,Am,0
2168,Edmee Schol,Edmee,0
2169,Sophie Van Lier,Sophie,0
2170,Shiva Nair,Shiva,0
2171,Dimitry Profis,Dimitry,0
2172,Manindra Desai,Manindra,0
2173,Jan Zeman,Jan,0
2174,Jukka-Pekk Saarijarvi,Jukka-Pekk,0
2175,Ranjit Dikshit,Ranjit,0
2176,Marek Blaho,Marek,0
2177,Varuna Ganguly,Varuna,0
2178,Natalia Pokorna,Natalia,0
2179,Basak Tekin,Basak,0
2180,Nicole Martinez,Nicole,0
2181,Doru Tirlea,Doru,0
2182,Hema Jujjavarapu,Hema,0
2183,Jessica Perrine,Jessica,0
2184,Mukta Sarkar,Mukta,0
2185,Yavuz Cetinkaya,Yavuz,0
2186,Jaydeb Ganguly,Jaydeb,0
2187,Sirirat Kongpaisarn,Sirirat,0
2188,Himani Sanyal,Himani,0
2189,Claude Bonsaint,Claude,0
2190,Gopal Thakur,Gopal,0
2191,Roman Pajer,Roman,0
2192,Floris Veenhuizen,Floris,0
2193,Vitezslav Holy,Vitezslav,0
2194,Paul Valbe,Paul,0
2195,Devi Dewangan,Devi,0
2196,William Bordelon,William,0
2197,Masa Buecek,Masa,0
2198,Nguyet Trang,Nguyet,0
2199,Bipin Modi,Bipin,0
2200,Dattaatraeya Vangapandu,Dattaatraeya,0
2201,Rahul Sarma,Rahul,0
2202,Deeba Hemmati,Deeba,0
2203,Alejandro Escobar,Alejandro,0
2204,Milada Hadrabova,Milada,0
2205,Andris Vitols,Andris,0
2206,Lana Larsson,Lana,0
2207,Mariela Weitzer,Mariela,0
2208,David Lanctot,David,0
2209,Alain Pelland,Alain,0
2210,Ik-Soo Jo,Ik-Soo,0
2211,Milica Stojkovic,Milica,0
2212,Teemu Yli-Sirnio,Teemu,0
2213,Natalie Horackova,Natalie,0
2214,Francesca Greece,Francesca,0
2215,Baalaaditya Rallapalli,Baalaaditya,0
2216,Antonin Holy,Antonin,0
2217,Matej Formanek,Matej,0
2218,Mary Eder,Mary,0
2219,Manish Ghosh,Manish,0
2220,Anish Naidu,Anish,0
2221,Pracha Nantakarn,Pracha,0
2222,Malee Charoenkul,Malee,0
2223,Charline Flamand,Charline,0
2224,Dhavala Alladi,Dhavala,0
2225,Teodor Vlad,Teodor,0
2226,Peeter Keskula,Peeter,0
2227,Anda Liepa,Anda,0
2228,Deakshitulu Paruchuri,Deakshitulu,0
2229,Jelena Utjesenovic,Jelena,0
2230,Debbie Clark,Debbie,0
2231,Adriana Horackova,Adriana,0
2232,Suniti Bhat,Suniti,0
2233,Miika Putkonen,Miika,0
2234,Jose Williams,Jose,0
2235,Padma Iyer,Padma,0
2236,Cai Cao,Cai,0
2237,Åšani Sen,Åšani,0
2238,Ngu Hoa,Ngu,0
2239,Helene Dupuy,Helene,0
2240,Antonio Trentini,Antonio,0
2241,omer ozbek,omer,0
2242,Andrei Bratianu,Andrei,0
2243,Akshayakeerti Jandhyala,Akshayakeerti,0
2244,Tereza Stolinova,Tereza,0
2245,Ankolika Sen,Ankolika,0
2246,Kristophe  Couet,"Kristophe ",0
2247,Baalaamani Veturi,Baalaamani,0
2248,Gustav Korjus,Gustav,0
2249,Julia Konecna,Julia,0
2250,Birgit Saar,Birgit,0
2251,Madelaine  Paulet,"Madelaine ",0
2252,Arundhati Bhowmick,Arundhati,0
2253,Mario Jogi,Mario,0
2254,Martina Omelkova,Martina,0
2255,Kaya ozbek,Kaya,0
2256,Lan Klanjcar,Lan,0
2257,Seo-yeon Rim,Seo-yeon,0
2258,Giovanna Araujo,Giovanna,0
2259,Sitara Benjaree,Sitara,0
2260,Roberts Sprogis,Roberts,0
2261,Javier Caraballo,Javier,0
2262,Coralie Brasseur,Coralie,0
2263,Akhtar Shahrestaani,Akhtar,0
2264,Priya Joshi,Priya,0
2265,Vanita Bhowmick,Vanita,0
2266,Bruna Cavalcante,Bruna,0
2267,Nishant Menon,Nishant,0
2268,Ratnam Singh,Ratnam,0
2269,Josef Benda,Josef,0
2270,Trishna Benipal,Trishna,0
2271,Teresa Bender,Teresa,0
2272,Diego Buccho,Diego,0
2273,Deepesh Bose,Deepesh,0
2274,Ambareesh Madhunapantula,Ambareesh,0
2275,Madhavi Gupta,Madhavi,0
2276,Indu Chowdary,Indu,0
2277,Bich Banh,Bich,0
2278,Lennart Kask,Lennart,0
2279,Åšani Nair,Åšani,0
2280,Cuc Tu,Cuc,0
2281,Angelina Gormanston,Angelina,0
2282,Prasanna Shetty,Prasanna,0
2283,Prasert Supitayaporn,Prasert,0
2284,Gulzar Parkar,Gulzar,0
2285,Abhaya Rambhatla,Abhaya,0
2286,Naveed Alizadeh,Naveed,0
2287,Lalit Ogra,Lalit,0
2288,Badanika Vankayala,Badanika,0
2289,Mina Bagheri,Mina,0
2290,Lien Lo,Lien,0
2291,Debraj Sanyal,Debraj,0
2292,Tara KlanCisar,Tara,0
2293,Marco Costa,Marco,0
2294,Alessandra Gallo,Alessandra,0
2295,Crina Nechita,Crina,0
2296,Yi Min Zhong,Yi Min,0
2297,Zala Ibrahimagic,Zala,0
2298,Wander Ellenbroek,Wander,0
2299,Gundega Kundzina,Gundega,0
2300,Damyanti Byrraju,Damyanti,0
2301,Parveen Haldar,Parveen,0
2302,Chau Chu,Chau,0
2303,Noel Cartier,Noel,0
2304,Aet Kasesalu,Aet,0
2305,Ilgonis Dzenis,Ilgonis,0
2306,Emine Gungor,Emine,0
2307,Ondrej Tomek,Ondrej,0
2308,Ngon Ta,Ngon,0
2309,Mohini Kaul,Mohini,0
2310,Alejandro Baeza,Alejandro,0
2311,Arnab Malakar,Arnab,0
2312,Anupam Majumdar,Anupam,0
2313,Mary Barney,Mary,0
2314,Amit Ghatak,Amit,0
2315,Dhaeraemdranaadh Allu,Dhaeraemdranaadh,0
2316,Abel Pirvu,Abel,0
2317,Paola Greece,Paola,0
2318,Izabella Baltina,Izabella,0
2319,Flora Olofsson,Flora,0
2320,Vitezslav Drdla,Vitezslav,0
2321,Nguyet Bach,Nguyet,0
2322,Ratnam Sidhu,Ratnam,0
2323,Jyoti Karnik,Jyoti,0
2324,Dattu Gummadi,Dattu,0
2325,Samuel Almaraz,Samuel,0
2326,Filip Bunderla,Filip,0
2327,Zuzana Kuchtova,Zuzana,0
2328,Elias Niemi,Elias,0
2329,Mark Ruutel,Mark,0
2330,Carla Osorio,Carla,0
2331,Corneliu Vladu,Corneliu,0
2332,Ivo Valek,Ivo,0
2333,Severins Polis,Severins,0
2334,Chandran Bhattacharya,Chandran,0
2335,Linda Ledezma,Linda,0
2336,Zbynek Vacha,Zbynek,0
2337,Halit Gunes,Halit,0
2338,Indu Nambiar,Indu,0
2339,Vallo Vesik,Vallo,0
2340,Dayaram Raut,Dayaram,0
2341,Dana Mrazova,Dana,0
2342,Saraswati Beniwal,Saraswati,0
2343,Ema Slosar,Ema,0
2344,Arto Heikkinen,Arto,0
2345,Hemchandra Debnath,Hemchandra,0
2346,Bala Ogra,Bala,0
2347,Monika Valentova,Monika,0
2348,Anuj Sonkar,Anuj,0
2349,Dattaatraeya Tottempudi,Dattaatraeya,0
2350,Emilia Samaniego,Emilia,0
2351,Kahkushan Shakiba,Kahkushan,0
2352,Hathai Mookjai,Hathai,0
2353,Taner YÄ±lmaz,Taner,0
2354,Birol Arslan,Birol,0
2355,Abhra Thakur,Abhra,0
2356,Uma Khalsa,Uma,0
2357,Dunja Radoncis,Dunja,0
2358,Olya Seleznyov,Olya,0
2359,Darakhshan Javaherian,Darakhshan,0
2360,Alexandre  L'Angelier,"Alexandre ",0
2361,Youssef Eriksson,Youssef,0
2362,Arunima Ganguly,Arunima,0
2363,Pavel Bohuslav,Pavel,0
2364,Mahendra Trivedi,Mahendra,0
2365,Jiri Vacha,Jiri,0
2366,Constanta Dita,Constanta,0
2367,Magdalena Cervenkova,Magdalena,0
2368,Sylvie Panetier,Sylvie,0
2369,Asha Mudigonda,Asha,0
2370,Jaya Benjaree,Jaya,0
2371,Anete Kundzina,Anete,0
2372,Petr Drdla,Petr,0
2373,Daniela Sal,Daniela,0
2374,Kunal Nakhtare,Kunal,0
2375,Duangrat Atitarn,Duangrat,0
2376,Ella Celmina,Ella,0
2377,Deviprasad PrabhupÄda,Deviprasad,0
2378,Tess Seegers,Tess,0
2379,Aija Lukstina,Aija,0
2380,Sanjay Cheema,Sanjay,0
2381,Hoc Le,Hoc,0
2382,Blagoje Pavlovic,Blagoje,0
2383,Bhairaam Kidambi,Bhairaam,0
2384,Aleksandrs Cirulis,Aleksandrs,0
2385,Jae-Hwa Shin,Jae-Hwa,0
2386,Mala Naicker,Mala,0
2387,Caterina Fallaci,Caterina,0
2388,Brayden Macnamara,Brayden,0
2389,Baanuraekha Voleti,Baanuraekha,0
2390,Renata Alva,Renata,0
2391,Ranjeet Haldar,Ranjeet,0
2392,Mandeep Desai,Mandeep,0
2393,Bhaamini Kanaparthi,Bhaamini,0
2394,Sun-Hi Oh,Sun-Hi,0
2395,Margit Molnar,Margit,0
2396,Amanda Kaulina,Amanda,0
2397,Chandni Jandhyala,Chandni,0
2398,Verona Sykorova,Verona,0
2399,Ljubomir Nesic,Ljubomir,0
2400,Izan Arana,Izan,0
2401,Telma Hermansson,Telma,0
2402,Lubomir Spousta,Lubomir,0
3001,Eric Torres,Eric,0
3002,Cosmina Vlad,Cosmina,0
3003,Bala Dixit,Bala,0
3004,Aleksandrs Riekstins,Aleksandrs,0
3005,Ratan Poddar,Ratan,0
3006,Shi Tu,Shi,0
3007,Gunnar Lohmus,Gunnar,0
3008,Jackson Kolios,Jackson,0
3009,Madhu Dwivedi,Madhu,0
3010,Alena Kellnerova,Alena,0
3011,Surendra Sahu,Surendra,0
3012,Celica Barajas,Celica,0
3013,Shyam Poddar,Shyam,0
3014,Johanna Hoornstra,Johanna,0
3015,Libuse Valentova,Libuse,0
3016,Harsha Huq,Harsha,0
3017,Agrita Kanepa,Agrita,0
3018,Liia Orav,Liia,0
3019,Santiago Vera,Santiago,0
3020,Knut Svensson,Knut,0
3021,Kwanjai Saowaluk,Kwanjai,0
3022,Suparna Bhattacharya,Suparna,0
3023,Francisca Laureano,Francisca,0
3024,Risto Valbe,Risto,0
3025,Jayanta Thakur,Jayanta,0
3026,Leila Carvalho,Leila,0
3027,Crina Grasu,Crina,0
3028,Sercan Celik,Sercan,0
3029,Jack Walker,Jack,0
3030,Jana Fialova,Jana,0
3031,Bhaavan Rai,Bhaavan,0
3032,Aakriti Byrraju,Aakriti,0
3033,Devraj Rao,Devraj,0
3034,Cong Hoa,Cong,0
3035,Dominic Davignon,Dominic,0
3036,Abel Spirlea,Abel,0
3037,Anil Sarkar,Anil,0
3038,Pavel Bogdanov,Pavel,0
3039,Juan Morse,Juan,0
3040,Rodrigo Figueiredo,Rodrigo,0
3041,Camille Authier,Camille,0
3042,Biju Deb,Biju,0
3043,Marija Justina Pasek,Marija Justina,0
3044,Durdanah Abbasi,Durdanah,0
3045,Emilie Hrdlickova,Emilie,0
3046,Malorie Bousquet,Malorie,0
3047,Kristiina Ivanov,Kristiina,0
3048,Alvin Bollinger,Alvin,0
3049,Sabine Zalite,Sabine,0
3050,Daakshaayaani Sankaramanchi,Daakshaayaani,0
3051,Ebru Erdogan,Ebru,0
3052,Bhagavaan Atluri,Bhagavaan,0
3053,Caterina Pinto,Caterina,0
3054,Daakshaayaani Kommineni,Daakshaayaani,0
3055,Anna Mazzanti,Anna,0
3056,Satish Mittal,Satish,0
3057,Clarissa Manfrin,Clarissa,0
3058,Bimla PrabhupÄda,Bimla,0
3059,Shah Alizadeh,Shah,0
3060,Marcela Lucescu,Marcela,0
3061,Amarasimha Vinjamuri,Amarasimha,0
3062,Lana Goransson,Lana,0
3063,Jakub Lukes,Jakub,0
3064,Mikhail Degtyarev,Mikhail,0
3065,Bijoya Thakur,Bijoya,0
3066,Jay Bhuiyan,Jay,0
3067,Jasna Cerkez,Jasna,0
3068,Laura Sykorova,Laura,0
3069,Abel Tatarescu,Abel,0
3070,In-Su Bae,In-Su,0
3071,Darshana Madhunapantula,Darshana,0
3072,Katerina Hadrabova,Katerina,0
3073,Hana Hlouskova,Hana,0
3074,Daniel Martensson,Daniel,0
3075,Philip Walker,Philip,0
3076,Marie LeBatelier,Marie,0
3077,Leyla Siavashi,Leyla,0
3078,Miriam House,Miriam,0
3079,Jitka Necesana,Jitka,0
3080,Edmee Glissen,Edmee,0
3081,Magdalena Michnova,Magdalena,0
3082,Maryann Huddleston,Maryann,0
3083,Radha Barua,Radha,0
3084,Anindya Ghatak,Anindya,0
3085,Chandrashekhar Dasgupta,Chandrashekhar,0
3086,Debbie Molina,Debbie,0
3087,Baran Jonsson,Baran,0
3088,Jai Lamble,Jai,0
3089,Sointu Savonheimo,Sointu,0
3090,Olya Izmaylov,Olya,0
3091,Taneli Riutta,Taneli,0
3092,Bahaar Asef zade,Bahaar,0
3093,Leyla Asef zade,Leyla,0
3094,Gabriela Hernandes,Gabriela,0
3095,Geza Roman,Geza,0
3096,Leonardo Folliero,Leonardo,0
3097,Allan Mannik,Allan,0
3098,Gopalgobinda Sikdar,Gopalgobinda,0
3099,Chin-Sun Chang,Chin-Sun,0
3100,Lilli Sokk,Lilli,0
3101,Adrian Andreasson,Adrian,0
3102,Kamila Michnova,Kamila,0
3103,Bing Han,Bing,0
3104,Olafs Rozitis,Olafs,0
3105,Sara Huiting,Sara,0
3106,Ajitaab Pakalapati,Ajitaab,0
3107,Eugen Agafitei,Eugen,0
3108,Sumati Bhat,Sumati,0
3109,Dena Glissen,Dena,0
3110,Elina Kaleja,Elina,0
3111,Liidia Lepp,Liidia,0
3112,Volkan senturk,Volkan,0
3113,Violetta KlanCisar,Violetta,0
3114,Chandana Shasthri,Chandana,0
3115,Ana Florea,Ana,0
3116,Pinja Jantunen,Pinja,0
3117,Pari Hosseini,Pari,0
3118,Isidora Morales,Isidora,0
3119,Kertu Sokk,Kertu,0
3120,Gayatri Gajula,Gayatri,0
3121,Victoria Lacusta,Victoria,0
3122,Sumati Chatterjee,Sumati,0
3123,Tai Bach,Tai,0
3124,Eva Schulteisz,Eva,0
3125,Can ozcan,Can,0
3126,Richard Friar,Richard,0
3127,Matyas Sedlar,Matyas,0
3128,Arijit Bhuiyan,Arijit,0
3129,Vladimir Henzl,Vladimir,0
3130,Shantanu Huq,Shantanu,0
3131,Nada Jovanovic,Nada,0
3132,Nicolo Cattaneo,Nicolo,0
3133,Joel Carrillo,Joel,0
3134,Ivan Sepulveda,Ivan,0
3135,Daevasree Samavedam,Daevasree,0
3136,Ludmila Smidova,Ludmila,0
3137,Manca Hrastovsek,Manca,0
3138,Anna Gyarmathi,Anna,0
3139,Ioana Florea,Ioana,0
3140,Lorin Astrom,Lorin,0
3141,Bishwa Chatterjee,Bishwa,0
3142,Chaayaadaevi Sonti,Chaayaadaevi,0
3143,Drazenka Jelic,Drazenka,0
3144,Ida Celma,Ida,0
3145,Hoc Tran,Hoc,0
3146,David safranek,David,0
3147,Svetlana Todorovic,Svetlana,0
3148,Richard Zahradnicek,Richard,0
3149,Seo-yun Paik,Seo-yun,0
3150,Emily Whittle,Emily,0
3151,Eliza Persson,Eliza,0
3152,Chuan Wattanasin,Chuan,0
3153,Linh Dao,Linh,0
3154,Nasrin Omidzadeh,Nasrin,0
3155,Raghu Sandhu,Raghu,0
3156,Nhung Thach,Nhung,0
3157,Hee-Young Suh,Hee-Young,0
3158,Valentin Tirlea,Valentin,0
3159,Dhaatri Chavva,Dhaatri,0
3160,Edgar Jogi,Edgar,0
3161,Rani Ganguly,Rani,0
3162,Bhagavati Vinjamuri,Bhagavati,0
3163,Be Trang,Be,0
3164,Ingrida Zeltina,Ingrida,0
3165,Phoung Cu,Phoung,0
3166,Sara Walkky,Sara,0
3167,Meera Patel,Meera,0
3168,Anca Gogean,Anca,0
3169,Staffan Persson,Staffan,0
3170,Isidora Urias,Isidora,0
3171,Dhanishta Mokkapati,Dhanishta,0
3172,Lakshmi Benipal,Lakshmi,0
3173,Kumar Kamei,Kumar,0
3174,Emil Roman,Emil,0
3175,Prabodh Nair,Prabodh,0
3176,Alinne Matos,Alinne,0
3177,Mauno Laurila,Mauno,0
3178,Baalaamjali Devulapalli,Baalaamjali,0
3179,Melani Ravlen,Melani,0
3180,Om Yadav,Om,0
3181,Mahmut ozbek,Mahmut,0
3182,Yves Belisle,Yves,0
3183,Sabine Alksne,Sabine,0
3184,Kamala Nishad,Kamala,0
3185,Roko Ilic,Roko,0
3186,Neil Farrelly,Neil,0
3187,Akhil Nadar,Akhil,0
3188,Maksims Krastins,Maksims,0
3189,Milinka Zujovic,Milinka,0
3190,Andris Saulitis,Andris,0
3191,Valter Viiding,Valter,0
3192,Amarakumaar Gadiyaram,Amarakumaar,0
3193,Gasper Havzija,Gasper,0
3194,Libuse Kuchtova,Libuse,0
3195,Kumar Naicker,Kumar,0
3196,Laszlo Gardenier,Laszlo,0
3197,Nada Ana Slosar,Nada Ana,0
3198,Mahavir Sonkar,Mahavir,0
3199,Kristi Part,Kristi,0
3200,Krishnam Allu,Krishnam,0
3201,Dinh Mai,Dinh,0
3202,Stefan Selezeanu,Stefan,0
3203,Hue Ton,Hue,0
3204,Drishti Bose,Drishti,0
3205,Bhadram Kamasamudram,Bhadram,0
3206,Taj Syme,Taj,0
3207,Irma Berzina,Irma,0
3208,Vedrana Kovacevic,Vedrana,0
3209,Bhagavateeprasaad Malladi,Bhagavateeprasaad,0
3210,Serdar ozCelik,Serdar,0
3211,Rajeev Sandhu,Rajeev,0
3212,Urve Kasesalu,Urve,0
3213,Annette  Hetu,"Annette ",0
3214,Narendra Tickoo,Narendra,0
3215,Isa Hulsegge,Isa,0
3216,Aive Petrov,Aive,0
3217,"David Novacek ",David,0
3218,Nils Kaulins,Nils,0
3219,Dhanishta Pullela,Dhanishta,0
3220,Hai Banh,Hai,0
3221,Fabrice Cloutier,Fabrice,0
3222,Nadir Seddigh,Nadir,0
3223,Farzana Habibi,Farzana,0
3224,Arka Chatterjee,Arka,0
3225,Tuulikki Linna,Tuulikki,0
3226,Daniella Cavalcante,Daniella,0
3227,Serdar ozden,Serdar,0
3228,Emma Van Zant,Emma,0
3229,Veronika Necesana,Veronika,0
3230,Chompoo Atitarn,Chompoo,0
3231,Dipti Shah,Dipti,0
3232,Som Mukherjee,Som,0
3233,Cuneyt Arslan,Cuneyt,0
3234,Aishwarya Dantuluri,Aishwarya,0
3235,Manjunatha Karnik,Manjunatha,0
3236,Erik Malk,Erik,0
3237,David Jaramillo,David,0
3238,Damodara Trivedi,Damodara,0
3239,Bhaamini Palagummi,Bhaamini,0
3240,Damodar Shenoy,Damodar,0
3241,Tomo Vidovic,Tomo,0
3242,Nguyen Banh,Nguyen,0
3243,Raj Verma,Raj,0
3244,Hanita Nookala,Hanita,0
3245,Matteo Cattaneo,Matteo,0
3246,Christian Couet,Christian,0
3247,Ivana Hadrabova,Ivana,0
3248,Abhra Ganguly,Abhra,0
3249,Amet Shergill,Amet,0
3250,Amrita Ganguly,Amrita,0
3251,Sylvie Laramee,Sylvie,0
3252,Ian Olofsson,Ian,0
3253,Luis Saucedo,Luis,0
3254,Emma Salpa,Emma,0
3255,Adriana Pena,Adriana,0
3256,Kalyani Benjaree,Kalyani,0
3257,Ganesh Majumdar,Ganesh,0
3258,Jaroslav Fisar,Jaroslav,0
3259,Jibek Juniskyzy,Jibek,0
3260,Anand Mudaliyar,Anand,0
3261,Agrita Abele,Agrita,0
